simulation_id,average_time_in_G1,effective_g1_sample_size,eta,final_cell_count,final_timestep,num_deaths,num_divisions,seed,status
0,16.31130279301982,210,0.4,0,376.5577020752391,137,73,0,1
1,16.813052420524286,174,0.4,0,441.66812871588195,119,55,2,1
2,16.63793965649376,162,0.4,0,361.96192087173495,113,49,4,1
3,17.569853356447023,114,0.4,0,253.7314034273906,89,25,6,1
4,16.7089405233642,152,0.4,0,337.6645722109153,108,44,8,1
5,16.225367670395705,208,0.4,0,544.5747741995968,136,72,10,1
6,16.164601712958657,222,0.4,0,743.6128481237204,143,79,12,1
7,16.181419878510162,238,0.4,0,493.4094122993776,151,87,14,1
8,16.070957501037114,196,0.4,0,460.19119332688473,130,66,16,1
9,16.433492114712173,174,0.4,0,355.27446566848414,119,55,18,1
10,17.29284227981587,168,0.4,0,379.9864740801889,116,52,20,1
11,16.140104713181355,204,0.4,0,514.8254163477038,134,70,22,1
12,17.922012582120722,118,0.4,0,259.2367165999184,91,27,24,1
13,16.901089288745396,184,0.4,0,520.3307098744181,124,60,26,1
14,16.99606989681129,154,0.4,0,399.6990127317776,109,45,28,1
15,16.297566770171453,268,0.4,0,714.1660604373177,166,102,30,1
16,16.499589307628955,192,0.4,0,598.2647612106114,128,64,32,1
17,15.608339983296219,264,0.4,0,1018.785880991835,164,100,34,1
18,16.64963113816983,166,0.4,0,392.15162539518747,115,51,36,1
19,17.329925541346743,142,0.4,0,314.50420822452475,103,39,38,1
20,16.535493144274238,196,0.4,0,609.3101787767989,130,66,40,1
21,16.24929389397706,260,0.4,0,688.203250791767,162,98,42,1
22,16.367507955779104,212,0.4,0,397.02194932114423,138,74,44,1
23,15.577295871110202,302,0.4,0,575.0474707466863,183,119,46,1
24,16.469086991485128,194,0.4,0,520.3116936292042,129,65,48,1
25,16.82933614023027,178,0.4,0,413.7400519811147,121,57,50,1
26,16.93641436561874,146,0.4,0,448.4240099012364,105,41,52,1
27,16.37360746155522,204,0.4,0,588.0505717686333,134,70,54,1
28,16.19039839718736,208,0.4,0,524.6895595269141,136,72,56,1
29,16.39403799879543,212,0.4,0,816.0987337236156,138,74,58,1
30,16.529911116618678,194,0.4,0,487.39833187547333,129,65,60,1
31,16.860145266654698,162,0.4,0,561.5062565534103,113,49,62,1
32,15.770847084917861,270,0.4,0,607.8599896685469,167,103,64,1
33,16.083736203818894,234,0.4,0,575.7516937184339,149,85,66,1
34,16.048787425016087,206,0.4,0,472.5057136053032,135,71,68,1
35,16.242741723990612,250,0.4,0,668.267463663711,157,93,70,1
36,16.40129494922513,200,0.4,0,441.04975976313807,132,68,72,1
37,16.160336584114923,196,0.4,0,383.72201168747915,130,66,74,1
38,15.83755546822022,290,0.4,0,862.5520909987991,177,113,76,1
39,16.671258866372057,172,0.4,0,600.1837292404348,118,54,78,1
40,16.500796294490588,206,0.4,0,640.788812621898,135,71,80,1
41,16.26703864573099,216,0.4,0,614.3453235451634,140,76,82,1
42,16.415561592472127,228,0.4,0,442.5048407595586,146,82,84,1
43,16.47345767094885,226,0.4,0,468.2394428614031,145,81,86,1
44,15.668513262910377,260,0.4,0,587.4795242099004,162,98,88,1
45,16.802310916146936,164,0.4,0,773.5847932198251,114,50,90,1
46,16.76845308376158,152,0.4,0,325.3216877244039,108,44,92,1
47,16.25095183984488,210,0.4,0,505.4778249764327,137,73,94,1
48,16.653680559778163,236,0.4,0,430.0466660249473,150,86,96,1
49,16.466829514196355,200,0.4,0,512.765545924338,132,68,98,1
50,16.232759779190335,212,0.4,0,681.3492478304389,138,74,100,1
51,16.92948887922927,152,0.4,0,395.5139450193226,108,44,102,1
52,16.41524112180867,276,0.4,0,526.294538065546,170,106,104,1
53,16.764165876517886,166,0.4,0,437.8127335697216,115,51,106,1
54,16.4481073625238,172,0.4,0,617.0188819935504,118,54,108,1
55,15.778780971798732,238,0.4,0,566.9066375067047,151,87,110,1
56,15.698328896669908,266,0.4,0,570.2654229139982,165,101,112,1
57,16.650718537356184,170,0.4,0,313.80999282153493,117,53,114,1
58,16.334394413425247,182,0.4,0,407.24550212905996,123,59,116,1
59,16.25283326246667,192,0.4,0,490.9704725810298,128,64,118,1
60,16.164283799234063,202,0.4,0,482.3389722557307,133,69,120,1
61,16.77122564695177,178,0.4,0,576.6202919759686,121,57,122,1
62,16.386710840626275,176,0.4,0,364.1082325339013,120,56,124,1
63,15.775293065557147,234,0.4,0,599.3338344916251,149,85,126,1
64,16.251685381154516,218,0.4,0,386.9694802023627,141,77,128,1
65,16.920060117295424,166,0.4,0,323.6603152982201,115,51,130,1
66,16.317206716060916,210,0.4,0,716.3441424476634,137,73,132,1
67,16.45126104451103,168,0.4,0,477.9537995658395,116,52,134,1
68,16.27450404422221,172,0.4,0,414.14223949565394,118,54,136,1
69,16.551844211540477,184,0.4,0,457.3791166398596,124,60,138,1
70,16.59434209706695,194,0.4,0,441.3639760546937,129,65,140,1
71,16.123433750333202,188,0.4,0,425.42512730106034,126,62,142,1
72,16.26595266801363,198,0.4,0,494.280487833236,131,67,144,1
73,16.697247334059373,156,0.4,0,315.28707034850197,110,46,146,1
74,16.641915780798097,160,0.4,0,429.52889140176035,112,48,148,1
75,16.59930926049147,190,0.4,0,708.9645105956481,127,63,150,1
76,16.76544492690438,178,0.4,0,364.4251341703092,121,57,152,1
77,16.098925553096926,226,0.4,0,623.7007303696173,145,81,154,1
78,16.280075674401484,222,0.4,0,594.7278903800826,143,79,156,1
79,16.88432972522052,186,0.4,0,370.3407825876554,125,61,158,1
80,17.491604643575403,144,0.4,0,381.5206950101818,104,40,160,1
81,17.43307586310783,140,0.4,0,348.1122711148605,102,38,162,1
82,16.736650147679665,182,0.4,0,321.1145385998136,123,59,164,1
83,17.53780370764998,166,0.4,0,716.1049152954421,115,51,166,1
84,16.205299492933047,192,0.4,0,369.35907050268287,128,64,168,1
85,16.59626292274569,182,0.4,0,683.6263329339527,123,59,170,1
86,16.781777179604138,178,0.4,0,436.6235740540217,121,57,172,1
87,16.06803557195368,244,0.4,0,627.4077322545488,154,90,174,1
88,17.8640228624682,112,0.4,0,257.905273689346,88,24,176,1
89,16.1790193103184,210,0.4,0,929.5256646696544,137,73,178,1
90,16.25847763153221,196,0.4,0,375.78875379619865,130,66,180,1
91,17.263175808584982,138,0.4,0,269.03691837973946,101,37,182,1
92,16.83602303389875,150,0.4,0,456.1202456456238,107,43,184,1
93,16.32594705584605,172,0.4,0,425.15142384420636,118,54,186,1
94,16.526462131316805,170,0.4,0,784.3379376586722,117,53,188,1
95,16.01192621546815,274,0.4,0,901.0616376838638,169,105,190,1
96,17.041045759800166,172,0.4,0,446.1090202600777,118,54,192,1
97,16.44039797059516,198,0.4,0,620.0097799724201,131,67,194,1
98,16.451232050992232,180,0.4,0,599.4410852772629,122,58,196,1
99,16.69443801121432,208,0.4,0,486.84692778418906,136,72,198,1
100,27.358698545855177,10574,0.8,1000,2104.3396606184415,4686,5622,200,2
101,27.488433691669584,11823,0.8,1000,2032.3743305906787,5319,6255,202,2
102,27.506232276601445,11509,0.8,1000,2249.057207287231,5154,6090,204,2
103,27.582001878504755,10860,0.8,1000,1852.666871419117,4837,5773,206,2
104,27.588947119033445,13001,0.8,1000,2571.3034179573674,5915,6851,208,2
105,27.66894759132802,13164,0.8,1000,2471.612474753893,5995,6931,210,2
106,27.573230815220825,11088,0.8,1000,2399.8242150388437,4937,5873,212,2
107,27.42516732386442,9440,0.8,1000,1483.0375685551915,4125,5061,214,2
108,27.49999580592428,11387,0.8,1000,2275.7213639659003,5103,6039,216,2
109,27.32218821970178,10936,0.8,1000,2005.618158483951,4875,5811,218,2
110,27.938806306878547,14006,0.8,1000,3321.85016906245,6392,7328,220,2
111,27.479078824982388,12502,0.8,1000,2020.6831059780002,5647,6583,222,2
112,27.637706303724677,13038,0.8,1000,2217.322307008679,5916,6852,224,2
113,27.459788342756486,10940,0.8,1000,2058.177707754983,4868,5804,226,2
114,27.603588687445257,11817,0.8,1000,2336.808656168335,5298,6234,228,2
115,27.5060959238189,12428,0.8,1000,2357.483843159206,5614,6550,230,2
116,27.444244839033924,11424,0.8,1000,2206.434528954745,5123,6059,232,2
117,27.543258914163065,12035,0.8,1000,2260.09928519078,5429,6365,234,2
118,27.53550663274157,10820,0.8,1000,1969.1099652877786,4834,5770,236,2
119,27.396604830440072,10783,0.8,1000,2228.902414057677,4789,5725,238,2
120,27.603008222249162,12197,0.8,1000,2312.3810760206234,5496,6432,240,2
121,27.213893792306443,10077,0.8,1000,1922.2996644787668,4443,5379,242,2
122,27.403247102964272,10683,0.8,1000,1602.0660303153209,4756,5692,244,2
123,27.650992909022385,13201,0.8,1000,2712.27316851327,5993,6929,246,2
124,27.559877673065365,11688,0.8,1000,2103.996478648835,5255,6191,248,2
125,27.698515094977395,12858,0.8,1000,2070.6759926648147,5825,6761,250,2
126,27.571693386702513,11152,0.8,1000,1938.7814385193576,4976,5912,252,2
127,27.77597142338041,13106,0.8,1000,2017.5298232307985,5971,6907,254,2
128,27.6888325540585,12662,0.8,1000,2096.6582605182293,5728,6664,256,2
129,27.34720346289039,10405,0.8,1000,1707.1004877940218,4613,5549,258,2
130,27.46346230673515,12398,0.8,1000,2445.9086537688722,5602,6538,260,2
131,27.614609464120093,12086,0.8,1000,2117.7708412040174,5450,6386,262,2
132,27.673067198491275,12409,0.8,1000,2339.367202442794,5607,6543,264,2
133,27.843644962793565,13211,0.8,1000,2580.8649651465644,6014,6950,266,2
134,27.35742173630408,10373,0.8,1000,1919.335228186486,4582,5518,268,2
135,27.629387508356103,13532,0.8,1000,2386.635141731856,6161,7097,270,2
136,27.386923072093317,10519,0.8,1000,2033.5372188493714,4669,5605,272,2
137,27.459752512355657,10916,0.8,1000,2142.18445270748,4867,5803,274,2
138,27.395823151039544,11335,0.8,1000,1921.9334061395632,5067,6003,276,2
139,27.47050637163778,10942,0.8,1000,2432.643759327535,4872,5808,278,2
140,27.524039467657076,11098,0.8,1000,1963.222458341305,4957,5893,280,2
141,27.516727145765408,12605,0.8,1000,2114.6809531717,5703,6639,282,2
142,27.437841839840175,10056,0.8,1000,1678.3331942141522,4442,5378,284,2
143,27.532538438929343,12471,0.8,1000,2051.3367400887973,5632,6568,286,2
144,27.58947946798453,12304,0.8,1000,2363.205605991382,5560,6496,288,2
145,27.546719096435442,12584,0.8,1000,2042.348439215361,5701,6637,290,2
146,27.618669458391107,12996,0.8,1000,2225.1945144221468,5889,6825,292,2
147,27.522859224351315,12113,0.8,1000,2143.2813623050406,5464,6400,294,2
148,27.420089516794885,12273,0.8,1000,1899.566742218511,5528,6464,296,2
149,27.479105523034583,11754,0.8,1000,1932.1588491412394,5278,6214,298,2
150,27.621623271505836,12366,0.8,1000,2132.9445639655496,5580,6516,300,2
151,27.731266940623144,13180,0.8,1000,2006.5927720390764,5994,6930,302,2
152,27.43984777219697,12165,0.8,1000,2099.5826190536113,5485,6421,304,2
153,27.706448991590122,11420,0.8,1000,1918.9874725270076,5118,6054,306,2
154,27.77135910121688,13308,0.8,1000,2337.5143428969914,6071,7007,308,2
155,27.34208274192717,11380,0.8,1000,2038.5570990066649,5079,6015,310,2
156,27.310693293279414,11326,0.8,1000,1911.0525307816213,5053,5989,312,2
157,27.70969286562687,12964,0.8,1000,2359.223827363451,5886,6822,314,2
158,27.458519494313872,12106,0.8,1000,1997.3712245130525,5469,6405,316,2
159,27.44866722518031,11431,0.8,1000,1790.6693059227482,5127,6063,318,2
160,27.380273663752273,9728,0.8,1000,1551.2338589918647,4278,5214,320,2
161,27.590927852384308,13255,0.8,1000,2012.7822953849563,6019,6955,322,2
162,27.606398015797605,12058,0.8,1000,2277.4236358235275,5431,6367,324,2
163,27.627577021398704,10804,0.8,1000,1795.6418361760514,4801,5737,326,2
164,27.566127611113068,12238,0.8,1000,2177.6293584442215,5531,6467,328,2
165,27.61636415516745,12626,0.8,1000,2266.2061906770623,5724,6660,330,2
166,27.564610934336432,11754,0.8,1000,1954.9079637265547,5270,6206,332,2
167,27.690779510187294,14606,0.8,1000,2619.1176460166917,6689,7625,334,2
168,27.473330943540965,11264,0.8,1000,2182.2504862798382,5035,5971,336,2
169,27.402574376713645,11639,0.8,1000,1901.7287344575159,5221,6157,338,2
170,27.55325090856693,12117,0.8,1000,2022.0878047698995,5474,6410,340,2
171,27.465304425833413,10313,0.8,1000,1835.112009920282,4566,5502,342,2
172,27.574647647575432,11520,0.8,1000,1877.1323349638524,5176,6112,344,2
173,27.584717276076724,11343,0.8,1000,2056.7561008002194,5078,6014,346,2
174,27.407913631892082,10626,0.8,1000,2415.6634592309247,4715,5651,348,2
175,27.428695543102496,11329,0.8,1000,2029.9818792397707,5066,6002,350,2
176,27.512956324576834,12132,0.8,1000,2263.0246297296694,5464,6400,352,2
177,27.539608432767896,11548,0.8,1000,2150.534879202511,5168,6104,354,2
178,27.43102453053836,11336,0.8,1000,2026.9903161904663,5046,5982,356,2
179,27.674402357746587,13446,0.8,1000,2413.983118989073,6119,7055,358,2
180,27.694132791318353,13816,0.8,1000,2257.984799428097,6325,7261,360,2
181,27.64158435724283,12453,0.8,1000,2342.203568990061,5630,6566,362,2
182,27.448421111379112,11050,0.8,1000,2208.651870119606,4931,5867,364,2
183,27.419408875744192,10974,0.8,1000,1934.3043470595878,4897,5833,366,2
184,27.588731424320162,11774,0.8,1000,2145.945343393923,5304,6240,368,2
185,27.5499746201832,12114,0.8,1000,2129.0663396369882,5443,6379,370,2
186,27.615338258304256,12112,0.8,1000,2084.010886783614,5475,6411,372,2
187,27.470621997532938,11892,0.8,1000,2048.43001521724,5336,6272,374,2
188,27.596342526727103,12882,0.8,1000,2187.1714791179115,5843,6779,376,2
189,27.468874895924444,12243,0.8,1000,2208.5768996439656,5536,6472,378,2
190,27.54970586032554,11970,0.8,1000,2401.765510822802,5394,6330,380,2
191,27.63734275929995,13998,0.8,1000,3676.0890475836,6407,7343,382,2
192,27.38118574313479,10486,0.8,1000,2005.4174189666296,4650,5586,384,2
193,27.49460678738018,12260,0.8,1000,1829.8609864833322,5520,6456,386,2
194,27.47850875578376,10021,0.8,1000,1751.5172250259402,4424,5360,388,2
195,27.8108480661739,12629,0.8,1000,2204.9122131811555,5727,6663,390,2
196,27.771439003405735,14396,0.8,1000,2203.788868571571,6610,7546,392,2
197,27.424253380474312,10864,0.8,1000,1857.0518606324877,4826,5762,394,2
198,27.56257521042626,12284,0.8,1000,2351.7346083374787,5549,6485,396,2
199,27.534554687927294,12486,0.8,1000,2370.857537845482,5650,6586,398,2
200,35.22175474215723,2670,1.2000000000000002,1000,606.4269550291136,802,1738,400,2
201,34.90765448184817,2685,1.2000000000000002,1000,628.9525724056397,818,1754,402,2
202,34.176908496477395,2460,1.2000000000000002,1000,616.663930919172,696,1632,404,2
203,34.85633913445618,2697,1.2000000000000002,1000,703.2350236005099,826,1762,406,2
204,35.21674669921188,2743,1.2000000000000002,1000,684.9611217903971,846,1782,408,2
205,35.01391442840033,2825,1.2000000000000002,1000,713.5869618137941,878,1814,410,2
206,34.81513876145304,2738,1.2000000000000002,1000,660.1207358071639,839,1775,412,2
207,34.40443870806217,2631,1.2000000000000002,1000,641.4472231868368,786,1722,414,2
208,35.09359294488657,2710,1.2000000000000002,1000,688.7774276858084,827,1763,416,2
209,34.49592191006168,2614,1.2000000000000002,1000,653.218053339587,783,1719,418,2
210,34.87325556753807,2608,1.2000000000000002,1000,626.24154604494,772,1708,420,2
211,34.638184589155124,2720,1.2000000000000002,1000,677.6335790368241,826,1762,422,2
212,34.40699466281854,2608,1.2000000000000002,1000,645.6098505324163,772,1708,424,2
213,34.44847213195341,2527,1.2000000000000002,1000,611.3686761096578,730,1666,426,2
214,34.94999335704993,2650,1.2000000000000002,1000,624.5981280232369,788,1724,428,2
215,34.978105692036344,2508,1.2000000000000002,1000,643.1433340891504,734,1670,430,2
216,35.691439336948065,2734,1.2000000000000002,1000,676.1748027795085,834,1770,432,2
217,35.109200327205926,2804,1.2000000000000002,1000,685.7310296275951,878,1814,434,2
218,34.882674589327145,2705,1.2000000000000002,1000,663.7922095051963,819,1755,436,2
219,34.417450852657936,2490,1.2000000000000002,1000,628.8551682755775,717,1653,438,2
220,34.75296096155702,2544,1.2000000000000002,1000,654.2295809696435,755,1691,440,2
221,35.516785074365,2836,1.2000000000000002,1000,647.576041811678,882,1818,442,2
222,34.662967170588985,2508,1.2000000000000002,1000,645.1329558403492,736,1672,444,2
223,35.126373199195896,2580,1.2000000000000002,1000,662.2095679144853,765,1701,446,2
224,35.5675738071241,2831,1.2000000000000002,1000,743.8144600450122,885,1821,448,2
225,34.78695179895845,2530,1.2000000000000002,1000,624.7008493536617,739,1675,450,2
226,34.984765355536126,2789,1.2000000000000002,1000,623.1684039450399,863,1799,452,2
227,34.92915703206659,2694,1.2000000000000002,1000,643.5402024433669,825,1761,454,2
228,34.89396560508946,2712,1.2000000000000002,1000,619.7377826137412,825,1761,456,2
229,35.80208253051252,2883,1.2000000000000002,1000,723.4647938313682,914,1850,458,2
230,35.22250653576041,2688,1.2000000000000002,1000,632.8348552486444,825,1761,460,2
231,35.15626319764049,2818,1.2000000000000002,1000,674.5082859558551,874,1810,462,2
232,34.51642039325857,2590,1.2000000000000002,1000,643.4310469980439,761,1697,464,2
233,35.26615587423371,2860,1.2000000000000002,1000,706.4576298397337,892,1828,466,2
234,34.75476542818526,2548,1.2000000000000002,1000,617.7462927407355,749,1685,468,2
235,34.29602034130054,2474,1.2000000000000002,1000,622.1280553342964,725,1661,470,2
236,34.73631115367156,2452,1.2000000000000002,1000,599.9581555613624,701,1637,472,2
237,35.15684128913533,2680,1.2000000000000002,1000,684.7272950141584,812,1748,474,2
238,34.95672672609566,2675,1.2000000000000002,1000,660.2517357264189,802,1738,476,2
239,34.48157796616458,2540,1.2000000000000002,1000,591.4589930384288,754,1690,478,2
240,35.31670444563789,2818,1.2000000000000002,1000,708.1094749662647,880,1816,480,2
241,34.51266343805316,2566,1.2000000000000002,1000,644.9728734039189,756,1692,482,2
242,35.26075933188741,2714,1.2000000000000002,1000,674.0376772818652,832,1768,484,2
243,34.703589440183826,2503,1.2000000000000002,1000,605.7196745518345,719,1655,486,2
244,35.03394433301392,2660,1.2000000000000002,1000,650.8251715096673,787,1723,488,2
245,33.9990439583074,2458,1.2000000000000002,1000,637.4310452557719,709,1645,490,2
246,35.3517089960682,2968,1.2000000000000002,1000,693.466549383821,949,1885,492,2
247,36.092903463626584,2866,1.2000000000000002,1000,727.6580176490996,904,1840,494,2
248,34.841091193456066,2763,1.2000000000000002,1000,647.3482614171874,862,1798,496,2
249,34.70231060293329,2531,1.2000000000000002,1000,653.3160914820322,747,1683,498,2
250,35.15054970399222,2642,1.2000000000000002,1000,652.2584678154172,795,1731,500,2
251,34.57145145588903,2590,1.2000000000000002,1000,645.8346160209719,769,1705,502,2
252,35.608480358462,2777,1.2000000000000002,1000,685.747012909754,853,1789,504,2
253,35.27049137082574,2668,1.2000000000000002,1000,672.673249123161,808,1744,506,2
254,34.68147438200081,2581,1.2000000000000002,1000,629.7345346025375,763,1699,508,2
255,34.94422995989725,2565,1.2000000000000002,1000,647.8358588571245,754,1690,510,2
256,34.89030670936478,2747,1.2000000000000002,1000,687.9812079704203,837,1773,512,2
257,35.66608418735744,2685,1.2000000000000002,1000,665.3471607918892,818,1754,514,2
258,35.088088244040726,2683,1.2000000000000002,1000,671.9577085678269,823,1759,516,2
259,34.48808334738277,2568,1.2000000000000002,1000,605.0161387633641,750,1686,518,2
260,34.871563596445505,2708,1.2000000000000002,1000,641.3874860493947,822,1758,520,2
261,34.34002778300405,2473,1.2000000000000002,1000,613.7340305413891,715,1651,522,2
262,35.18131356139858,2738,1.2000000000000002,1000,663.3109507423618,837,1773,524,2
263,35.1496556547941,2623,1.2000000000000002,1000,628.4947354565187,789,1725,526,2
264,34.88519252137138,2595,1.2000000000000002,1000,651.4669466249941,769,1705,528,2
265,34.55603492295364,2561,1.2000000000000002,1000,641.2780523462528,757,1693,530,2
266,34.53950486340221,2554,1.2000000000000002,1000,626.0483509262357,749,1685,532,2
267,34.64618656255761,2632,1.2000000000000002,1000,678.9537615529013,788,1724,534,2
268,34.65911551359628,2555,1.2000000000000002,1000,621.2586801373147,749,1685,536,2
269,35.25452970069417,2720,1.2000000000000002,1000,670.8255106285437,831,1767,538,2
270,35.26514749413988,2804,1.2000000000000002,1000,675.2890196965234,873,1809,540,2
271,34.3784866343539,2456,1.2000000000000002,1000,605.39244794773,701,1637,542,2
272,34.88568803367316,2736,1.2000000000000002,1000,700.8375205820269,836,1772,544,2
273,34.39986697297028,2570,1.2000000000000002,1000,673.5070894692961,761,1697,546,2
274,34.874459446257326,2487,1.2000000000000002,1000,677.0185858892938,726,1662,548,2
275,35.00537866242217,2839,1.2000000000000002,1000,687.1666059466819,891,1827,550,2
276,35.1706283671179,2675,1.2000000000000002,1000,661.2019701192618,818,1754,552,2
277,35.24329464018591,2805,1.2000000000000002,1000,657.6251429814968,879,1815,554,2
278,35.05482409919159,2749,1.2000000000000002,1000,699.8747323589482,841,1777,556,2
279,34.5244979369842,2687,1.2000000000000002,1000,668.4700118384305,812,1748,558,2
280,35.51503882576465,2722,1.2000000000000002,1000,675.412351201468,841,1777,560,2
281,34.714425433137635,2624,1.2000000000000002,1000,617.2019134402929,785,1721,562,2
282,35.3162666284038,2727,1.2000000000000002,1000,660.4618835478532,824,1760,564,2
283,35.13276137948868,2600,1.2000000000000002,1000,651.4646392210376,777,1713,566,2
284,34.88472323553039,2648,1.2000000000000002,1000,634.7356839971444,796,1732,568,2
285,35.089708389335385,2692,1.2000000000000002,1000,673.5702362941687,818,1754,570,2
286,34.503736450297225,2601,1.2000000000000002,1000,645.8799460351976,769,1705,572,2
287,35.39856167450837,2877,1.2000000000000002,1000,669.6157020559626,909,1845,574,2
288,35.18525018737587,2597,1.2000000000000002,1000,659.3944511669387,774,1710,576,2
289,34.99421199119372,2573,1.2000000000000002,1000,665.948320442298,767,1703,578,2
290,34.715816150069436,2658,1.2000000000000002,1000,629.6927437470627,802,1738,580,2
291,34.64283226464254,2716,1.2000000000000002,1000,663.9049745173256,821,1757,582,2
292,34.710225832453915,2571,1.2000000000000002,1000,616.0890113775376,756,1692,584,2
293,35.4140937613762,2657,1.2000000000000002,1000,635.6961668872317,804,1740,586,2
294,34.867200035608136,2632,1.2000000000000002,1000,621.1428521422147,793,1729,588,2
295,34.91078860515344,2585,1.2000000000000002,1000,676.8685985375549,766,1702,590,2
296,34.62985951793444,2583,1.2000000000000002,1000,647.2396213807704,763,1699,592,2
297,34.46547324216258,2477,1.2000000000000002,1000,623.491515727041,715,1651,594,2
298,35.562633266638066,2702,1.2000000000000002,1001,670.6231374556596,824,1761,596,2
299,34.71827639134469,2440,1.2000000000000002,1000,636.0398479327383,699,1635,598,2
300,38.91055105257691,1590,1.6,1000,488.9760600793383,327,1263,600,2
301,37.70945637081938,1456,1.6,1000,472.6355525545955,255,1191,602,2
302,40.45233073759681,1580,1.6,1000,510.239210537215,322,1258,604,2
303,39.48590155660125,1508,1.6,1000,471.26985167783334,298,1234,606,2
304,40.14974693851374,1524,1.6,1000,499.80903881977605,304,1240,608,2
305,39.22881349851504,1522,1.6,1000,469.91251852533503,294,1230,610,2
306,40.88029787708279,1577,1.6,1000,527.1671670690602,340,1276,612,2
307,39.165855587778445,1510,1.6,1000,496.30582514455904,297,1233,614,2
308,39.504651014903544,1546,1.6,1000,501.0534599863088,308,1244,616,2
309,38.997216098341006,1510,1.6,1000,512.8070447548199,297,1233,618,2
310,39.42338384433112,1487,1.6,1000,488.7748799401744,272,1208,620,2
311,39.91490458114226,1528,1.6,1000,505.1132218177609,303,1239,622,2
312,39.34145219460385,1565,1.6,1000,481.22564039408013,326,1262,624,2
313,39.63019989922973,1548,1.6,1000,477.3928326123901,314,1250,626,2
314,40.225128467863655,1553,1.6,1000,481.53402355629856,313,1249,628,2
315,39.500742978928564,1594,1.6,1000,485.2793392424372,334,1270,630,2
316,40.338801049592774,1544,1.6,1000,492.9209468485419,315,1251,632,2
317,40.100453410368054,1605,1.6,1000,518.650820747655,343,1279,634,2
318,39.75552859472772,1600,1.6,1000,491.45425679260836,333,1269,636,2
319,41.30432475771806,1633,1.6,1000,520.6692871469428,338,1274,638,2
320,40.72882219771294,1573,1.6,1000,507.76296901682974,332,1268,640,2
321,40.36287156535922,1586,1.6,1000,522.4456918226097,326,1262,642,2
322,38.38845256199823,1440,1.6,1000,472.2474175055782,261,1197,644,2
323,40.19686210907392,1611,1.6,1000,487.01531392317395,340,1276,646,2
324,40.34181835639909,1593,1.6,1000,515.6902254114664,328,1264,648,2
325,39.18246605290234,1511,1.6,1000,477.4948879495751,294,1230,650,2
326,39.36383042849588,1530,1.6,1000,507.3997772868852,303,1239,652,2
327,40.94596660213116,1587,1.6,1000,531.5593365762174,337,1273,654,2
328,40.27076369205786,1632,1.6,1000,502.5509357188259,363,1299,656,2
329,41.33943694084922,1703,1.6,1000,553.0477636996055,393,1329,658,2
330,38.96658320917575,1462,1.6,1000,495.5924493591787,279,1215,660,2
331,40.593841107958006,1559,1.6,1000,500.55545407160463,319,1255,662,2
332,39.3674595923492,1553,1.6,1000,490.618152774319,318,1254,664,2
333,39.58627226588269,1562,1.6,1000,497.2438333234108,312,1248,666,2
334,39.17875027608317,1598,1.6,1000,498.7108902069108,319,1255,668,2
335,40.90397951680355,1564,1.6,1000,496.4727638327091,317,1253,670,2
336,40.27377274794175,1557,1.6,1000,492.72636729766685,326,1262,672,2
337,40.32208671685412,1616,1.6,1000,500.72386141306936,346,1282,674,2
338,39.529400203707006,1546,1.6,1000,479.8235562561594,317,1253,676,2
339,39.431963209649865,1519,1.6,1000,489.4359109906133,303,1239,678,2
340,40.32134351734349,1576,1.6,1000,505.4911869668898,325,1261,680,2
341,39.22615662742168,1560,1.6,1000,489.8161966712326,321,1257,682,2
342,40.07909491529951,1513,1.6,1000,495.68981553776393,293,1229,684,2
343,39.974711074667375,1523,1.6,1000,470.4665447762843,303,1239,686,2
344,38.07547060229169,1459,1.6,1000,462.93971756622824,264,1200,688,2
345,40.6005788050938,1568,1.6,1000,490.8792407835259,323,1259,690,2
346,40.74527324154918,1616,1.6,1000,503.6331239626345,350,1286,692,2
347,39.14991599192714,1470,1.6,1000,481.05172343543677,270,1206,694,2
348,40.49650513740476,1555,1.6,1000,527.9059872486171,314,1250,696,2
349,40.87521621752303,1634,1.6,1000,526.0455767307981,343,1279,698,2
350,40.28738734672755,1588,1.6,1000,501.80144143370654,330,1266,700,2
351,39.39873437949324,1508,1.6,1000,492.80945049700046,288,1224,702,2
352,39.492203637902506,1516,1.6,1000,466.66113739419643,296,1232,704,2
353,39.322689731093035,1510,1.6,1000,488.0158713133069,290,1226,706,2
354,39.59616745305088,1547,1.6,1000,481.83679826679656,310,1246,708,2
355,39.52089998465808,1514,1.6,1000,491.519535331652,289,1225,710,2
356,39.28171141353028,1500,1.6,1000,496.2974191259895,284,1220,712,2
357,40.07854589999734,1512,1.6,1000,475.8281638857334,292,1228,714,2
358,40.36618727037863,1554,1.6,1000,508.8036830795027,319,1255,716,2
359,40.55934163405608,1578,1.6,1000,525.8601415092974,328,1264,718,2
360,38.73730116006211,1471,1.6,1000,474.19776051161585,268,1204,720,2
361,40.72221803426824,1574,1.6,1000,496.16074059344805,310,1246,722,2
362,40.72466671800424,1588,1.6,1000,538.2855185650333,334,1270,724,2
363,39.78638635479263,1577,1.6,1000,494.3300227297758,321,1257,726,2
364,39.80272094610537,1472,1.6,1000,480.4668089970119,281,1217,728,2
365,40.30529321482833,1584,1.6,1000,516.7719211274085,326,1262,730,2
366,40.134123831759176,1568,1.6,1000,498.4271580403922,317,1253,732,2
367,40.505635391802016,1528,1.6,1000,497.37308673479583,291,1227,734,2
368,40.140566462777834,1574,1.6,1000,509.3579211226581,322,1258,736,2
369,40.17938585161815,1615,1.6,1000,519.2960731135047,341,1277,738,2
370,39.87873552097807,1513,1.6,1000,486.0702792578547,308,1244,740,2
371,40.47610247809123,1633,1.6,1000,523.4406860746584,352,1288,742,2
372,39.235807399295176,1525,1.6,1000,493.79713962923523,297,1233,744,2
373,39.8873844035779,1514,1.6,1000,492.36441609953863,290,1226,746,2
374,40.68709235878508,1555,1.6,1000,501.94533311391444,312,1248,748,2
375,40.644243058061555,1619,1.6,1000,524.7593983389213,342,1278,750,2
376,39.20096253353922,1562,1.6,1000,472.6778736307517,327,1263,752,2
377,39.20397116582818,1534,1.6,1000,516.3237892458201,306,1242,754,2
378,39.7875510513883,1584,1.6,1000,493.06757191577697,325,1261,756,2
379,40.5549036466603,1615,1.6,1000,505.9521864025562,335,1271,758,2
380,39.85042741086673,1504,1.6,1000,486.62746667741914,286,1222,760,2
381,39.52167741331357,1563,1.6,1000,516.3321831968501,310,1246,762,2
382,39.75897085100409,1527,1.6,1000,500.3562850889823,307,1243,764,2
383,39.519307542782926,1540,1.6,1000,473.1071983899966,312,1248,766,2
384,39.856570724933825,1550,1.6,1000,488.44302406917996,317,1253,768,2
385,39.90098151699705,1624,1.6,1000,506.90121796769677,345,1281,770,2
386,40.14382130285272,1590,1.6,1000,535.8603992451528,347,1283,772,2
387,40.65593661068421,1625,1.6,1000,524.6333084449984,352,1288,774,2
388,39.7464498306497,1499,1.6,1000,472.6068028381147,286,1222,776,2
389,39.798540073878065,1554,1.6,1000,488.6746044494044,314,1250,778,2
390,41.15316822067078,1690,1.6,1000,516.419720621727,364,1300,780,2
391,39.23972096154276,1499,1.6,1000,470.90934276502446,286,1222,782,2
392,38.334240917508374,1438,1.6,1000,460.8044147140534,264,1200,784,2
393,41.33204186625313,1615,1.6,1000,523.0165368789571,349,1285,786,2
394,39.70606053714846,1546,1.6,1000,487.4154981142481,310,1246,788,2
395,41.87740260333405,1695,1.6,1000,522.1308620386362,373,1309,790,2
396,40.384741409622414,1568,1.6,1000,492.67665375112676,321,1257,792,2
397,40.12267826406634,1554,1.6,1000,502.2836678967953,317,1253,794,2
398,39.70540875770033,1532,1.6,1000,483.94909923333745,300,1236,796,2
399,38.4376951887561,1499,1.6,1000,478.825371247372,293,1229,798,2
400,42.349205654232094,1102,2.0,1000,440.1822621597085,146,1082,800,2
401,44.3550657754656,1191,2.0,1000,458.2553611607603,182,1118,802,2
402,43.73162775478554,1086,2.0,1000,450.74614931528106,137,1073,804,2
403,43.17065257440267,1081,2.0,1000,443.8563386551899,149,1085,806,2
404,43.74818865595555,1161,2.0,1000,449.5856738621243,158,1094,808,2
405,43.46808836363369,1156,2.0,1000,458.734477650485,174,1110,810,2
406,44.23617481987455,1128,2.0,1000,457.9500557585119,157,1093,812,2
407,43.36371197936945,1149,2.0,1000,449.95074809688316,172,1108,814,2
408,42.40739854362075,1170,2.0,1000,446.1145986840105,164,1100,816,2
409,44.96157198902868,1164,2.0,1000,457.6307769840903,178,1114,818,2
410,43.21701304462585,1102,2.0,1000,439.88522146341967,142,1078,820,2
411,42.62637402792482,1092,2.0,1000,451.9225235447527,145,1081,822,2
412,41.28944796652489,1083,2.0,1000,422.97940456580864,136,1072,824,2
413,43.337549691018104,1075,2.0,1000,429.25981585036135,135,1071,826,2
414,43.7555048360326,1086,2.0,1000,451.5331912856198,139,1075,828,2
415,43.98664997815752,1132,2.0,1000,462.52148949596256,166,1102,830,2
416,41.983095582660354,1051,2.0,1000,427.2193583363881,122,1058,832,2
417,43.89290929194307,1155,2.0,1000,454.41887345100406,163,1099,834,2
418,42.99394532755068,1103,2.0,1000,443.37667205437754,154,1090,836,2
419,43.412814032697895,1086,2.0,1000,448.1585198242255,134,1070,838,2
420,44.101058164270164,1157,2.0,1000,475.5888698785967,173,1109,840,2
421,44.244565279966935,1154,2.0,1000,450.69262576028115,170,1106,842,2
422,44.107729882949236,1145,2.0,1000,451.75059148344945,162,1098,844,2
423,41.8663991066979,1076,2.0,1000,426.09170945514614,135,1071,846,2
424,42.33731655321968,1099,2.0,1000,433.11216526065493,147,1083,848,2
425,43.356021405556106,1130,2.0,1000,427.22589340181753,146,1082,850,2
426,43.869292684080065,1125,2.0,1000,454.7961348589951,155,1091,852,2
427,44.6170101563621,1168,2.0,1000,452.104561019236,177,1113,854,2
428,43.07994423994481,1108,2.0,1000,447.26915129457296,141,1077,856,2
429,45.09949512721647,1148,2.0,1000,448.41504207823664,150,1086,858,2
430,42.99428269091851,1149,2.0,1000,440.6614141904742,164,1100,860,2
431,41.726293255796485,1069,2.0,1000,445.5838517883334,136,1072,862,2
432,43.987803743382415,1133,2.0,1000,444.8007380868951,155,1091,864,2
433,43.389154988074246,1133,2.0,1000,443.8337885100344,154,1090,866,2
434,40.652188092383696,1058,2.0,1000,416.4612294600143,119,1055,868,2
435,42.45994233945647,1093,2.0,1000,441.6876420897712,141,1077,870,2
436,43.41953688819993,1102,2.0,1000,444.4164239814791,142,1078,872,2
437,44.57892970362157,1184,2.0,1000,467.22210537703086,181,1117,874,2
438,43.1498570583783,1146,2.0,1000,446.1358429574283,162,1098,876,2
439,42.5099031656504,1093,2.0,1000,440.90538263078304,140,1076,878,2
440,41.79863632420574,1034,2.0,1000,416.82652564053467,114,1050,880,2
441,43.542340548565704,1136,2.0,1000,446.8316080422873,161,1097,882,2
442,42.92677088229113,1094,2.0,1000,447.7640710287532,136,1072,884,2
443,42.88979698101994,1083,2.0,1000,445.72195252045196,130,1066,886,2
444,44.328382902823805,1136,2.0,1000,452.87473549299085,168,1104,888,2
445,41.79574344171269,1087,2.0,1000,433.14170795053803,129,1065,890,2
446,44.370956672507475,1119,2.0,1000,456.3610576793908,153,1089,892,2
447,43.10288219350017,1163,2.0,1000,446.9863347367089,168,1104,894,2
448,42.035169442966456,1075,2.0,1000,437.60846047031293,129,1065,896,2
449,43.163613504433805,1074,2.0,1000,444.1947940952583,138,1074,898,2
450,42.495373687450716,1103,2.0,1000,428.37375120043095,140,1076,900,2
451,43.30561176367233,1138,2.0,1000,450.58805060751274,143,1079,902,2
452,42.846804993566366,1169,2.0,1000,456.2790357600206,170,1106,904,2
453,42.97899533823554,1089,2.0,1000,443.35302383162497,129,1065,906,2
454,41.780935895336974,1075,2.0,1000,422.95019229840386,122,1058,908,2
455,46.251064207122525,1175,2.0,1000,482.2002863371661,172,1108,910,2
456,42.633055094819596,1052,2.0,1000,436.65521268863057,130,1066,912,2
457,43.537387442026834,1132,2.0,1000,448.86640735080266,158,1094,914,2
458,41.95676321873263,1078,2.0,1000,454.38137662740985,136,1072,916,2
459,42.66916934381114,1098,2.0,1000,434.1064057246967,144,1080,918,2
460,42.115250136658695,1064,2.0,1000,436.7187474587384,138,1074,920,2
461,44.341948581914224,1149,2.0,1000,454.5003359404731,168,1104,922,2
462,43.36595718214615,1126,2.0,1000,451.6006743907268,153,1089,924,2
463,43.82673990341969,1154,2.0,1000,446.9451183294039,160,1096,926,2
464,41.48462539193381,1075,2.0,1000,451.5879765070529,145,1081,928,2
465,44.79036311160009,1148,2.0,1000,463.3229248738086,176,1112,930,2
466,42.50594681733206,1096,2.0,1000,438.64318739704873,141,1077,932,2
467,42.11894753138738,1064,2.0,1000,434.47327041447846,126,1062,934,2
468,43.4480347909366,1101,2.0,1000,455.0038476456304,139,1075,936,2
469,44.51774782582233,1166,2.0,1000,446.0537752882229,159,1095,938,2
470,42.23013952899284,1106,2.0,1000,412.2533631503052,144,1080,940,2
471,45.96935249952207,1146,2.0,1000,462.3709695748895,171,1107,942,2
472,42.20100191080936,1121,2.0,1000,440.23693339672565,149,1085,944,2
473,43.468986172524936,1084,2.0,1000,449.41456778837767,142,1078,946,2
474,41.9680946916262,1086,2.0,1000,435.54584666877065,140,1076,948,2
475,42.68679542026946,1072,2.0,1000,434.4650542516454,131,1067,950,2
476,44.03060594564535,1106,2.0,1000,445.6679547148221,154,1090,952,2
477,46.103204979977555,1204,2.0,1000,464.27200363748165,187,1123,954,2
478,41.10338778548425,1046,2.0,1000,423.81316145929657,118,1054,956,2
479,42.56017300649633,1111,2.0,1000,428.18817931124164,149,1085,958,2
480,42.75356543246474,1128,2.0,1000,441.7191638253654,158,1094,960,2
481,45.41017777532509,1167,2.0,1000,477.01544279804165,173,1109,962,2
482,43.33143878521255,1115,2.0,1000,445.8457358536599,158,1094,964,2
483,42.982717764209625,1032,2.0,1000,423.0322616947469,120,1056,966,2
484,42.705534149064626,1111,2.0,1000,435.0820577137311,146,1082,968,2
485,43.09904127011793,1118,2.0,1000,449.7453879585464,145,1081,970,2
486,42.505712118279504,1088,2.0,1000,448.00524927034536,145,1081,972,2
487,43.12640265585435,1071,2.0,1000,428.7258990756401,128,1064,974,2
488,42.14159458439523,1129,2.0,1000,436.62305920250435,147,1083,976,2
489,41.35292074770304,1040,2.0,1000,429.377795075103,125,1061,978,2
490,43.91766871926604,1155,2.0,1000,462.6188746140256,170,1106,980,2
491,43.70386385965336,1103,2.0,1000,460.41844773442045,141,1077,982,2
492,42.41808956083079,1091,2.0,1000,425.51661180388527,123,1059,984,2
493,46.47384830788205,1236,2.0,1000,477.81869462111473,199,1135,986,2
494,43.412553165603036,1106,2.0,1000,461.3770499892088,154,1090,988,2
495,42.52413882522633,1136,2.0,1000,451.49784813046165,158,1094,990,2
496,43.180813709242564,1109,2.0,1000,445.9390552975129,160,1096,992,2
497,43.95944061278014,1147,2.0,1000,443.70490068545166,160,1096,994,2
498,41.73229666570049,1059,2.0,1000,433.979379623606,131,1067,996,2
499,43.65164100570665,1090,2.0,1000,444.8010002702159,145,1081,998,2
500,44.27205037980457,870,2.4,1000,416.3922062002631,79,1015,1000,2
501,43.2267662007471,798,2.4,1000,407.35169052785875,58,994,1002,2
502,43.422499720179104,817,2.4,1000,404.4119847963314,56,992,1004,2
503,44.276268131098504,873,2.4,1000,416.5329179630118,81,1017,1006,2
504,43.36794030431319,857,2.4,1000,413.7383025647513,72,1008,1008,2
505,44.208406594383355,877,2.4,1000,411.1758143325725,70,1006,1010,2
506,47.20434205876605,889,2.4,1000,423.62526727866214,91,1027,1012,2
507,44.89057410927915,845,2.4,1000,430.5920328608789,73,1009,1014,2
508,47.382570860953905,873,2.4,1000,434.98312021077743,93,1029,1016,2
509,46.28106530616352,883,2.4,1000,422.90358400383093,88,1024,1018,2
510,45.418194675327044,871,2.4,1000,417.07905803038875,73,1009,1020,2
511,44.54507167660053,876,2.4,1000,423.0979693887098,80,1016,1022,2
512,47.676611220093136,865,2.4,1000,433.3663324093808,76,1012,1024,2
513,44.760794781886865,861,2.4,1000,431.80769779822185,72,1008,1026,2
514,45.045364247877416,884,2.4,1000,428.45928903753963,93,1029,1028,2
515,46.54924873742893,878,2.4,1000,419.6848551432269,89,1025,1030,2
516,46.26087092320612,888,2.4,1000,419.8377492835463,79,1015,1032,2
517,46.37132757584452,869,2.4,1000,413.64947830623737,80,1016,1034,2
518,45.547213013519496,828,2.4,1000,413.06090494798303,65,1001,1036,2
519,46.827102470127656,876,2.4,1000,428.2035043999775,88,1024,1038,2
520,44.56983019705992,879,2.4,1000,418.450526093092,84,1020,1040,2
521,43.93206114611736,848,2.4,1000,410.9386512600431,73,1009,1042,2
522,43.471826005457814,835,2.4,1000,404.42085554901337,69,1005,1044,2
523,46.38294478137729,866,2.4,1000,430.6722494823502,85,1021,1046,2
524,45.741325769488604,880,2.4,1000,417.49204860533496,80,1016,1048,2
525,45.0475673546744,856,2.4,1000,424.1841879265383,84,1020,1050,2
526,45.50682086378372,870,2.4,1000,430.53813647089794,80,1016,1052,2
527,45.67725034486697,855,2.4,1000,428.49675662313723,77,1013,1054,2
528,46.3903835347294,861,2.4,1000,429.4326559933266,78,1014,1056,2
529,45.459378754898644,843,2.4,1000,415.29416054512905,67,1003,1058,2
530,45.69616984943849,850,2.4,1000,431.20822708710296,76,1012,1060,2
531,44.94810393642747,849,2.4,1000,417.64636337830785,71,1007,1062,2
532,45.764737103948846,865,2.4,1000,425.9372264532436,86,1022,1064,2
533,46.18491352268247,907,2.4,1000,420.5440291103826,93,1029,1066,2
534,46.23169900471379,889,2.4,1000,427.2236892079125,88,1024,1068,2
535,44.41948638836139,831,2.4,1000,429.8945525319102,75,1011,1070,2
536,46.384200901003624,916,2.4,1000,419.6793776913651,87,1023,1072,2
537,46.08225219930224,869,2.4,1000,424.31435227562906,78,1014,1074,2
538,43.27045279515682,842,2.4,1000,403.63647113362725,61,997,1076,2
539,44.88302819495185,908,2.4,1000,416.8022425739349,79,1015,1078,2
540,47.3887290075577,875,2.4,1000,430.94115136236945,73,1009,1080,2
541,43.16828915673746,827,2.4,1000,407.54449634738927,63,999,1082,2
542,44.6407735134334,832,2.4,1000,411.81799994237036,57,993,1084,2
543,46.50483186320924,828,2.4,1000,430.18987527337543,61,997,1086,2
544,44.15921950796701,841,2.4,1000,411.46358996201263,64,1000,1088,2
545,46.73531947047495,895,2.4,1000,431.35296216492156,91,1027,1090,2
546,47.59203531035789,895,2.4,1000,438.397121767887,97,1033,1092,2
547,44.42861010813147,834,2.4,1000,404.82480835593407,72,1008,1094,2
548,46.31946187945795,898,2.4,1000,435.01263269912255,81,1017,1096,2
549,46.380787515430285,891,2.4,1000,429.6025683795787,97,1033,1098,2
550,45.23088402155478,822,2.4,1000,412.3982560702227,70,1006,1100,2
551,43.58984318489499,822,2.4,1000,411.2122825944333,58,994,1102,2
552,45.21876320829,869,2.4,1000,409.7897555254084,76,1012,1104,2
553,44.646651699771624,883,2.4,1000,431.63093454947847,83,1019,1106,2
554,47.665143237836126,890,2.4,1000,444.46971661976727,94,1030,1108,2
555,43.33402975602468,815,2.4,1000,407.78800410284583,66,1002,1110,2
556,44.70854704447146,886,2.4,1000,424.40507470976826,79,1015,1112,2
557,45.19402446905438,893,2.4,1000,424.37031918614576,76,1012,1114,2
558,44.56175322088385,897,2.4,1000,419.73691657947785,82,1018,1116,2
559,46.429047547096445,886,2.4,1000,432.1029306011144,83,1019,1118,2
560,45.324500309782614,872,2.4,1000,422.49729723310395,78,1014,1120,2
561,42.844844506892585,819,2.4,1000,416.7198845147278,63,999,1122,2
562,45.870506017866425,828,2.4,1000,425.04474847819426,69,1005,1124,2
563,44.84698665489631,875,2.4,1000,423.1448261833866,87,1023,1126,2
564,47.93086701260695,899,2.4,1000,443.1670148263595,95,1031,1128,2
565,44.53933228696682,876,2.4,1000,417.20980239676373,77,1013,1130,2
566,45.280327303859984,849,2.4,1000,411.81238361445503,68,1004,1132,2
567,44.270963909442024,899,2.4,1000,421.76121582622187,77,1013,1134,2
568,47.81405670003892,885,2.4,1000,444.0979593185031,99,1035,1136,2
569,46.651494196674555,860,2.4,1000,432.7914515529996,79,1015,1138,2
570,43.59015642839403,860,2.4,1000,408.5256651146586,75,1011,1140,2
571,46.11791715430134,833,2.4,1000,435.54512943641316,70,1006,1142,2
572,47.13102645730494,899,2.4,1000,455.93198955850823,86,1022,1144,2
573,46.59904760177888,885,2.4,1000,436.7178344111789,80,1016,1146,2
574,45.823565156770194,895,2.4,1000,428.8268294114436,86,1022,1148,2
575,45.061411938854484,883,2.4,1000,418.2688913300957,80,1016,1150,2
576,45.34864479851567,857,2.4,1000,430.8692479581963,85,1021,1152,2
577,45.44228087991551,892,2.4,1000,418.69855230248294,84,1020,1154,2
578,48.216769147885884,891,2.4,1000,432.4058942101928,96,1032,1156,2
579,44.312084187671076,866,2.4,1000,417.25244804075953,75,1011,1158,2
580,45.29925437887461,890,2.4,1000,416.7296497940206,74,1010,1160,2
581,46.24426953001977,896,2.4,1000,447.346745687156,84,1020,1162,2
582,47.22099756555621,887,2.4,1000,432.6936551717359,82,1018,1164,2
583,46.927654580837796,908,2.4,1000,421.0515596571691,94,1030,1166,2
584,44.02458236581301,844,2.4,1000,413.63924851587814,66,1002,1168,2
585,43.983734132202194,838,2.4,1000,412.3867026826749,73,1009,1170,2
586,44.57170944766728,854,2.4,1000,421.31769420268176,73,1009,1172,2
587,44.39178727822587,880,2.4,1000,418.21017571061867,85,1021,1174,2
588,42.12818241078301,841,2.4,1000,405.5569720324827,59,995,1176,2
589,46.977999430217935,856,2.4,1000,419.85534198546935,81,1017,1178,2
590,44.98960865950472,866,2.4,1000,417.37599199204544,79,1015,1180,2
591,46.448365937964084,886,2.4,1000,430.1147459014627,87,1023,1182,2
592,43.05874665638231,822,2.4,1000,406.28289140366684,63,999,1184,2
593,43.66392144833711,860,2.4,1000,408.377946224849,66,1002,1186,2
594,46.53840008119497,876,2.4,1000,428.9074258900054,86,1022,1188,2
595,46.37715344727211,851,2.4,1000,432.8719843829376,71,1007,1190,2
596,45.62566677812226,868,2.4,1000,415.04554382585656,76,1012,1192,2
597,42.14548796617129,807,2.4,1000,408.78768549031173,66,1002,1194,2
598,45.17136117823091,853,2.4,1000,427.88844773362894,75,1011,1196,2
599,45.86919720523999,846,2.4,1000,432.11859155046193,76,1012,1198,2
600,45.82302068364317,689,2.8000000000000003,1000,404.0280072989239,41,977,1200,2
601,48.02845823486309,716,2.8000000000000003,1000,418.820253853475,43,979,1202,2
602,47.27445746678172,695,2.8000000000000003,1000,415.63270384856907,40,976,1204,2
603,47.733988638442085,714,2.8000000000000003,1000,419.42581203704356,52,988,1206,2
604,44.816460979259,668,2.8000000000000003,1000,411.01085920355865,40,976,1208,2
605,48.068799725106466,728,2.8000000000000003,1000,421.96591006724793,53,989,1210,2
606,46.345779073008366,697,2.8000000000000003,1000,407.30887422728665,41,977,1212,2
607,47.68952847140067,734,2.8000000000000003,1000,406.20740399171825,50,986,1214,2
608,45.79337236433449,700,2.8000000000000003,1000,410.06315954651524,41,977,1216,2
609,49.844078382412256,718,2.8000000000000003,1000,441.06666741759204,53,989,1218,2
610,45.2848094032617,667,2.8000000000000003,1000,404.5260947033492,42,978,1220,2
611,48.82022113805507,747,2.8000000000000003,1000,429.65635555631707,68,1004,1222,2
612,48.338768392372096,714,2.8000000000000003,1000,418.2050805868177,42,978,1224,2
613,45.99043053307698,730,2.8000000000000003,1000,420.07609122650564,41,977,1226,2
614,43.891480815420714,664,2.8000000000000003,1000,395.2712247081943,40,976,1228,2
615,47.36343988580004,689,2.8000000000000003,1000,413.2856975715306,32,968,1230,2
616,49.59670168470817,743,2.8000000000000003,1000,434.5954020899003,56,992,1232,2
617,49.002291318821165,709,2.8000000000000003,1000,430.4166281954485,47,983,1234,2
618,48.17788018000122,730,2.8000000000000003,1000,415.64615599862685,46,982,1236,2
619,46.00486149708378,695,2.8000000000000003,1000,414.3224450368577,40,976,1238,2
620,46.26492378281341,686,2.8000000000000003,1000,414.64054221968945,34,970,1240,2
621,46.4772695535052,685,2.8000000000000003,1000,412.51435901041634,35,971,1242,2
622,47.60758052497117,719,2.8000000000000003,1000,426.45166655270214,54,990,1244,2
623,50.706380247108164,718,2.8000000000000003,1000,449.13745779338944,63,999,1246,2
624,48.73595296206194,724,2.8000000000000003,1000,427.04103839324466,49,985,1248,2
625,43.895039620872154,681,2.8000000000000003,1000,404.3065338951314,36,972,1250,2
626,48.840185308180594,716,2.8000000000000003,1000,422.3644789157526,53,989,1252,2
627,47.897820156278996,683,2.8000000000000003,1000,414.3058399962963,39,975,1254,2
628,45.33240268195256,705,2.8000000000000003,1000,411.5900049106174,35,971,1256,2
629,46.92970270086002,696,2.8000000000000003,1000,412.6859421066001,46,982,1258,2
630,46.00986683881762,726,2.8000000000000003,1000,404.3833731006268,46,982,1260,2
631,48.0316795783619,674,2.8000000000000003,1000,414.6986218362023,38,974,1262,2
632,49.10067149273141,711,2.8000000000000003,1000,427.1696116504213,47,983,1264,2
633,45.756779551920886,681,2.8000000000000003,1000,403.86503986422764,37,973,1266,2
634,42.99622516550749,704,2.8000000000000003,1000,400.0869811789842,34,970,1268,2
635,47.33174297860468,693,2.8000000000000003,1000,413.2861672198416,38,974,1270,2
636,46.069964578261725,660,2.8000000000000003,1000,406.0952747153394,35,971,1272,2
637,47.80729658088313,701,2.8000000000000003,1000,412.93665051186326,53,989,1274,2
638,47.539871272927485,713,2.8000000000000003,1000,421.73856446833565,43,979,1276,2
639,46.12068273840861,739,2.8000000000000003,1000,399.3846844144685,48,984,1278,2
640,46.264679868907656,690,2.8000000000000003,1000,411.0078267378166,44,980,1280,2
641,49.04464060314816,698,2.8000000000000003,1000,421.29707075694955,42,978,1282,2
642,47.10842933386886,704,2.8000000000000003,1000,414.54473724409297,48,984,1284,2
643,48.34141236626147,721,2.8000000000000003,1000,426.6505706756882,48,984,1286,2
644,48.672031066083946,713,2.8000000000000003,1000,422.19365922165514,44,980,1288,2
645,44.61246585937019,683,2.8000000000000003,1000,408.6652864687759,39,975,1290,2
646,46.69217128404648,689,2.8000000000000003,1000,409.66830139855597,39,975,1292,2
647,45.572009213918186,711,2.8000000000000003,1000,411.80297449726726,38,974,1294,2
648,48.49931809630189,682,2.8000000000000003,1000,410.6095034214916,41,977,1296,2
649,50.2171696478495,723,2.8000000000000003,1000,421.7626803032496,45,981,1298,2
650,46.177064636978926,728,2.8000000000000003,1000,412.87323311931164,37,973,1300,2
651,46.5707799288115,703,2.8000000000000003,1000,422.4727927479789,38,974,1302,2
652,47.25032250183243,723,2.8000000000000003,1000,411.96379209783396,50,986,1304,2
653,49.525983571131874,682,2.8000000000000003,1000,418.99471017852164,44,980,1306,2
654,45.942983647203924,702,2.8000000000000003,1000,407.26625364488984,34,970,1308,2
655,46.16095665443562,680,2.8000000000000003,1000,398.5181480651503,37,973,1310,2
656,49.3111463939223,767,2.8000000000000003,1000,438.8028114565469,62,998,1312,2
657,47.239089966228676,705,2.8000000000000003,1000,415.5499031210706,46,982,1314,2
658,48.6824924253419,687,2.8000000000000003,1000,423.4214632711129,46,982,1316,2
659,46.49511298701852,713,2.8000000000000003,1000,416.19452507788986,42,978,1318,2
660,45.6515730034055,688,2.8000000000000003,1000,419.52896993535495,36,972,1320,2
661,47.30994790958259,726,2.8000000000000003,1000,410.1737521759701,43,979,1322,2
662,48.35149410833149,703,2.8000000000000003,1000,429.06491770551105,44,980,1324,2
663,48.236628202356066,704,2.8000000000000003,1000,421.58086095390456,40,976,1326,2
664,45.80910184209979,687,2.8000000000000003,1000,409.95889602045753,41,977,1328,2
665,46.00078780398226,700,2.8000000000000003,1000,413.68484350862775,44,980,1330,2
666,47.694714593608275,673,2.8000000000000003,1000,413.1438738544799,41,977,1332,2
667,46.94656698428764,712,2.8000000000000003,1000,411.4140966047211,42,978,1334,2
668,47.25321943235751,693,2.8000000000000003,1000,411.3559904111413,45,981,1336,2
669,45.83809267730343,654,2.8000000000000003,1000,401.90406420669456,38,974,1338,2
670,46.322237044575374,652,2.8000000000000003,1000,410.1162068680431,36,972,1340,2
671,47.427713851500314,728,2.8000000000000003,1000,410.6947406879606,45,981,1342,2
672,45.26249016226958,721,2.8000000000000003,1000,410.7325857303759,45,981,1344,2
673,47.546488728233676,685,2.8000000000000003,1000,415.15327235568446,48,984,1346,2
674,46.55845797502353,696,2.8000000000000003,1000,426.21868308575085,47,983,1348,2
675,47.88415876102685,729,2.8000000000000003,1000,408.1740184764992,57,993,1350,2
676,46.4964325123472,742,2.8000000000000003,1000,404.4857880378804,36,972,1352,2
677,48.521995289384414,695,2.8000000000000003,1000,413.9404708888158,41,977,1354,2
678,46.99571327051128,707,2.8000000000000003,1000,424.10936854802435,54,990,1356,2
679,47.15152285355578,691,2.8000000000000003,1000,408.92821296387575,37,973,1358,2
680,47.75503665447972,702,2.8000000000000003,1000,410.9041693822705,44,980,1360,2
681,47.51202800861643,686,2.8000000000000003,1000,419.9698104920648,42,978,1362,2
682,46.19099518311567,709,2.8000000000000003,1000,413.8009877105355,35,971,1364,2
683,46.108826339719876,708,2.8000000000000003,1000,416.730346316559,43,979,1366,2
684,46.06549019869845,689,2.8000000000000003,1000,404.8377573537895,31,967,1368,2
685,45.22406927771637,707,2.8000000000000003,1000,410.95883529123705,46,982,1370,2
686,46.64043596535685,677,2.8000000000000003,1000,414.78782850131097,41,977,1372,2
687,46.26773026755999,701,2.8000000000000003,1000,413.8860190821341,51,987,1374,2
688,48.13014502942294,718,2.8000000000000003,1000,429.29753849046745,50,986,1376,2
689,48.73182746079982,717,2.8000000000000003,1000,418.19416492218005,46,982,1378,2
690,47.44816871737752,737,2.8000000000000003,1000,419.7730463869924,41,977,1380,2
691,46.338287563558055,694,2.8000000000000003,1000,420.78477311260866,48,984,1382,2
692,48.079221998480214,694,2.8000000000000003,1000,418.89240976588667,41,977,1384,2
693,46.88363652586253,698,2.8000000000000003,1000,409.940120549995,45,981,1386,2
694,47.20318066872761,709,2.8000000000000003,1000,407.92576046505417,39,975,1388,2
695,47.75570462269402,754,2.8000000000000003,1000,426.8597300567965,59,995,1390,2
696,46.46441904773569,707,2.8000000000000003,1000,406.6033223157892,40,976,1392,2
697,47.308142854220655,710,2.8000000000000003,1000,417.9622136076922,49,985,1394,2
698,47.573263800680415,687,2.8000000000000003,1000,419.2958415115711,38,974,1396,2
699,47.888892925961116,683,2.8000000000000003,1000,422.0762566046299,39,975,1398,2
700,46.752751821712735,597,3.2,1000,395.4567094284121,21,957,1400,2
701,48.809607842261435,559,3.2,1000,415.7571933400735,24,960,1402,2
702,50.7036227812708,619,3.2,1000,423.4413920570757,34,970,1404,2
703,48.86120611588799,609,3.2,1000,411.76670456825707,21,957,1406,2
704,44.626597242998336,577,3.2,1000,392.58663342140875,15,951,1408,2
705,49.75564484601105,593,3.2,1000,411.2793464902188,29,965,1410,2
706,45.531994197417475,581,3.2,1000,398.0280775904593,17,953,1412,2
707,44.62137292277147,556,3.2,1000,401.95078139657323,16,952,1414,2
708,51.49118435278602,589,3.2,1000,418.9112404404937,30,966,1416,2
709,51.60847913440135,600,3.2,1000,421.7634647392485,32,968,1418,2
710,47.755552540112085,598,3.2,1000,409.8131422449621,20,956,1420,2
711,46.409661685769684,559,3.2,1000,404.28508950264376,22,958,1422,2
712,50.158786620168335,600,3.2,1000,415.4378080092595,33,969,1424,2
713,47.49875307299439,625,3.2,1000,424.7859587875856,29,965,1426,2
714,43.540829545669354,602,3.2,1000,390.26937242588144,15,951,1428,2
715,48.067296425505496,576,3.2,1000,400.82391902357773,23,959,1430,2
716,46.725212001332984,589,3.2,1000,403.65371811147975,16,952,1432,2
717,48.200611191396405,666,3.2,1000,406.3515467149742,33,969,1434,2
718,48.31929258476802,582,3.2,1000,404.0565112770611,25,961,1436,2
719,46.1467100332851,563,3.2,1000,398.29832329269124,23,959,1438,2
720,46.26059290480334,577,3.2,1000,404.12232862455824,15,951,1440,2
721,48.890783610403886,600,3.2,1000,410.8029970354474,32,968,1442,2
722,48.37066668099398,562,3.2,1000,406.69813882838315,23,959,1444,2
723,50.43371101592876,613,3.2,1000,421.41681155901676,26,962,1446,2
724,48.22152305860444,581,3.2,1000,408.0017562530465,30,966,1448,2
725,48.80945544031153,598,3.2,1000,406.5551702338536,22,958,1450,2
726,49.578006605154,589,3.2,1000,418.8974081064672,26,962,1452,2
727,47.173792460610386,575,3.2,1000,403.2568918627839,19,955,1454,2
728,47.05321495257588,574,3.2,1000,403.4577053232667,23,959,1456,2
729,50.287147987729576,585,3.2,1000,420.3380589215283,25,961,1458,2
730,45.272111330410404,592,3.2,1000,404.7391236911196,23,959,1460,2
731,47.95153163319991,603,3.2,1000,410.2872004093558,24,960,1462,2
732,48.48437268942175,571,3.2,1000,416.0717569811662,29,965,1464,2
733,48.00522321027476,561,3.2,1000,418.19103751346137,24,960,1466,2
734,46.56962273727543,547,3.2,1000,402.72320164277744,17,953,1468,2
735,47.89536958799826,615,3.2,1000,406.4758925682349,27,963,1470,2
736,48.494125437037304,624,3.2,1000,407.1036741600492,17,953,1472,2
737,47.11465960159317,581,3.2,1000,411.86391028670124,21,957,1474,2
738,52.49387572642819,586,3.2,1000,421.05530676475416,31,967,1476,2
739,46.20310679442036,602,3.2,1000,404.5031741336888,19,955,1478,2
740,47.63930968150794,561,3.2,1000,405.51841965238793,28,964,1480,2
741,46.54466947941163,581,3.2,1000,406.3801730110025,18,954,1482,2
742,48.11453931846955,588,3.2,1000,404.1450609664172,24,960,1484,2
743,50.48439734691964,591,3.2,1000,413.5256157877812,28,964,1486,2
744,46.792794072801854,560,3.2,1000,394.5332203615286,15,951,1488,2
745,47.0346052377964,587,3.2,1000,394.5258478808524,23,959,1490,2
746,48.253760513062346,585,3.2,1000,402.10606195975777,24,960,1492,2
747,50.682133686003276,598,3.2,1000,413.89165587891193,23,959,1494,2
748,48.592095648014336,625,3.2,1000,405.0455467688744,18,954,1496,2
749,48.33291774440482,653,3.2,1000,418.5678800612685,34,970,1498,2
750,44.13996617870394,533,3.2,1000,392.76007037901934,19,955,1500,2
751,45.57717019788092,550,3.2,1000,408.102158355554,24,960,1502,2
752,50.318865316155076,592,3.2,1000,418.47114213283794,24,960,1504,2
753,47.47067467039566,574,3.2,1000,406.22350348878587,20,956,1506,2
754,45.21330879789522,582,3.2,1000,405.5793100589402,24,960,1508,2
755,45.84948637787119,581,3.2,1000,406.23159008999215,21,957,1510,2
756,46.81825775445933,615,3.2,1000,402.6512094551645,23,959,1512,2
757,49.28976873099214,601,3.2,1000,415.09612691779245,26,962,1514,2
758,46.677409293329106,551,3.2,1000,407.1847642370841,12,948,1516,2
759,48.781519466167325,579,3.2,1000,409.2727593335021,23,959,1518,2
760,48.66786725364221,566,3.2,1000,406.92081097751225,30,966,1520,2
761,50.62619289749965,589,3.2,1000,419.2571750729607,36,972,1522,2
762,45.69794418387635,560,3.2,1000,401.8357913984552,18,954,1524,2
763,49.72980691257843,588,3.2,1000,416.60166350758414,25,961,1526,2
764,47.442062874470246,592,3.2,1000,409.56692860646444,25,961,1528,2
765,48.563523559239904,606,3.2,1000,416.37972852902897,26,962,1530,2
766,48.98371778499335,586,3.2,1000,420.5284290017187,30,966,1532,2
767,46.393838356157715,574,3.2,1000,401.71229357684507,18,954,1534,2
768,48.429840891615555,625,3.2,1000,412.54343148769385,31,967,1536,2
769,48.8127225537984,612,3.2,1000,419.49667103548546,28,964,1538,2
770,45.99261864414525,575,3.2,1000,394.5171966300741,19,955,1540,2
771,50.90628310846435,577,3.2,1000,418.6473092082821,29,965,1542,2
772,45.93184812039322,570,3.2,1000,403.43282782666597,20,956,1544,2
773,44.49302864251689,605,3.2,1000,392.6272069167074,18,954,1546,2
774,47.89450286052826,563,3.2,1000,405.4950145370444,28,964,1548,2
775,48.50427688190549,567,3.2,1000,408.16792293573735,22,958,1550,2
776,47.86704670006937,596,3.2,1000,398.8252091496848,29,965,1552,2
777,47.09003006695149,562,3.2,1000,406.75332027363874,21,957,1554,2
778,47.077822754658364,544,3.2,1000,404.2741296119563,20,956,1556,2
779,48.986665572226336,600,3.2,1000,416.9135967441036,30,966,1558,2
780,48.57301138365291,601,3.2,1000,420.6468534313754,27,963,1560,2
781,47.24349753167156,541,3.2,1000,398.7939325521325,16,952,1562,2
782,48.16032999987781,608,3.2,1000,408.0792688733042,25,961,1564,2
783,47.65855581125478,573,3.2,1000,399.3755633821402,24,960,1566,2
784,45.99124563003837,594,3.2,1000,399.0208331908688,23,959,1568,2
785,46.95232519049789,572,3.2,1000,406.01471628433967,17,953,1570,2
786,45.122537299335896,535,3.2,1000,391.22274486644505,18,954,1572,2
787,49.685543458531505,566,3.2,1000,416.03544082616156,26,962,1574,2
788,44.3574201546701,605,3.2,1000,389.19658431263065,21,957,1576,2
789,45.71356407882303,594,3.2,1000,403.15956123951884,21,957,1578,2
790,48.41128456383749,531,3.2,1000,409.0111219614578,18,954,1580,2
791,46.74672749761569,567,3.2,1000,408.8811304849094,21,957,1582,2
792,49.664061201725616,567,3.2,1000,413.29171310610104,18,954,1584,2
793,49.29340376000078,603,3.2,1000,413.7242245611374,24,960,1586,2
794,48.24380385123199,592,3.2,1000,412.9481416560355,30,966,1588,2
795,46.62308660969003,553,3.2,1000,396.2442770853148,18,954,1590,2
796,51.00845861836652,633,3.2,1000,416.3667491034038,32,968,1592,2
797,45.99912999887259,557,3.2,1000,397.4063292701727,22,958,1594,2
798,49.105337885102756,575,3.2,1000,412.89203645888574,22,958,1596,2
799,48.15390836234763,551,3.2,1000,404.42056836933693,18,954,1598,2
800,46.4438150353324,545,3.6,1000,402.12155435002666,13,949,1600,2
801,51.30597316615369,545,3.6,1000,417.5241013137295,17,953,1602,2
802,49.57381274898591,506,3.6,1000,412.96056420742457,15,951,1604,2
803,48.66896527670901,484,3.6,1000,409.5843998705367,11,947,1606,2
804,45.955488747120896,485,3.6,1000,406.9804396223684,15,951,1608,2
805,47.616645915238784,451,3.6,1000,398.51527626145867,11,947,1610,2
806,47.12202679343588,488,3.6,1000,405.28900715695767,14,950,1612,2
807,49.27334093575545,458,3.6,1000,408.4532211635982,9,945,1614,2
808,45.54429682609759,441,3.6,1000,392.8092720973508,10,946,1616,2
809,48.851603556926655,460,3.6,1000,398.70691341729895,22,958,1618,2
810,46.307593942659885,486,3.6,1000,398.8784102764701,7,943,1620,2
811,49.16440049820913,507,3.6,1000,407.4917557869573,13,949,1622,2
812,49.78524189771869,500,3.6,1000,415.65140808421495,14,950,1624,2
813,48.51512334901299,472,3.6,1000,406.20305220461614,12,948,1626,2
814,47.32109664467643,476,3.6,1000,400.33215623310093,17,953,1628,2
815,45.93710056392026,481,3.6,1000,399.7420389572464,14,950,1630,2
816,48.776230249909666,465,3.6,1000,405.10039556806674,14,950,1632,2
817,45.549494681530945,463,3.6,1000,398.9368867294034,9,945,1634,2
818,46.58765128833148,490,3.6,1000,396.6150530711508,7,943,1636,2
819,50.060250055208435,513,3.6,1000,405.49385445026746,18,954,1638,2
820,47.430199498073286,474,3.6,1000,394.9466154841312,11,947,1640,2
821,53.745233170139414,525,3.6,1000,431.20504554102155,20,956,1642,2
822,48.47844767276936,549,3.6,1000,403.0922600118914,14,950,1644,2
823,50.605250204167184,519,3.6,1000,413.6712921861908,15,951,1646,2
824,49.50356490431241,473,3.6,1000,404.48751501367434,15,951,1648,2
825,45.813564645282945,487,3.6,1000,396.5883525369982,15,951,1650,2
826,46.5136819582173,533,3.6,1000,395.86880935586055,17,953,1652,2
827,48.19090805192121,560,3.6,1000,399.77769954574234,10,946,1654,2
828,47.26110149752689,465,3.6,1000,398.8379506565597,10,946,1656,2
829,50.13758083835216,504,3.6,1000,404.85360126397853,8,944,1658,2
830,51.17141299545357,481,3.6,1000,413.5678785615165,11,947,1660,2
831,50.13874156329461,472,3.6,1000,414.80658103051854,10,946,1662,2
832,50.514865479551844,480,3.6,1000,410.67132668258546,12,948,1664,2
833,45.62996535023902,510,3.6,1000,393.51607913284903,11,947,1666,2
834,48.291691955099076,473,3.6,1000,413.34055487176283,10,946,1668,2
835,50.661445923593405,518,3.6,1000,408.04118103962566,14,950,1670,2
836,46.317406472126116,479,3.6,1000,395.4807334054528,7,943,1672,2
837,47.52927883593861,476,3.6,1000,401.8796168670919,5,941,1674,2
838,45.06774042044468,456,3.6,1000,392.5733034167791,9,945,1676,2
839,49.66304606281387,499,3.6,1000,417.354893876532,16,952,1678,2
840,48.48306077512715,496,3.6,1000,404.7653712524627,15,951,1680,2
841,47.88425056142246,471,3.6,1000,395.8523447490141,15,951,1682,2
842,47.70348139712547,458,3.6,1000,402.6805087970761,6,942,1684,2
843,50.778963473242115,464,3.6,1000,410.75801947626996,15,951,1686,2
844,48.91840259492004,480,3.6,1000,405.0099729733879,12,948,1688,2
845,45.279263579165146,490,3.6,1000,398.3618139606806,16,952,1690,2
846,48.07400035691983,532,3.6,1000,405.46356786017446,14,950,1692,2
847,47.20337553178743,469,3.6,1000,405.20737422727393,14,950,1694,2
848,49.45886851707705,484,3.6,1000,405.3807453987284,15,951,1696,2
849,44.9850995155662,440,3.6,1000,386.3428398722244,10,946,1698,2
850,48.788949625750384,460,3.6,1000,404.6618873633147,13,949,1700,2
851,45.21645482906882,477,3.6,1000,392.36047020144156,11,947,1702,2
852,47.03196342592482,467,3.6,1000,392.7147275213181,10,946,1704,2
853,45.77392326174707,550,3.6,1000,401.18843913068343,15,951,1706,2
854,49.338877521297086,472,3.6,1000,408.42478308782063,13,949,1708,2
855,49.006061551300014,452,3.6,1000,402.3795461030934,6,942,1710,2
856,53.32546758467437,536,3.6,1001,420.1152186816918,18,955,1712,2
857,46.89157297874323,478,3.6,1000,402.96811363516304,10,946,1714,2
858,50.31987221397155,482,3.6,1000,410.892110941907,11,947,1716,2
859,54.0351446108689,495,3.6,1000,418.0570426610715,18,954,1718,2
860,48.24397817826381,475,3.6,1000,399.89752299961185,10,946,1720,2
861,46.31723253216007,479,3.6,1000,401.27200451025067,8,944,1722,2
862,48.93307119285679,473,3.6,1000,404.8181779012705,17,953,1724,2
863,51.23806031829259,456,3.6,1000,408.8290542315549,10,946,1726,2
864,47.86706659287563,593,3.6,1000,402.1248482436685,15,951,1728,2
865,49.347273950567306,478,3.6,1000,412.7735146653944,11,947,1730,2
866,49.78870043105868,616,3.6,1000,408.70473655626193,17,953,1732,2
867,52.94490800200168,491,3.6,1000,419.8238268112526,19,955,1734,2
868,47.30584118930406,479,3.6,1000,397.7005289579584,11,947,1736,2
869,44.827059021184816,460,3.6,1000,392.6375235441288,11,947,1738,2
870,47.73679095645661,502,3.6,1000,397.16662044369315,18,954,1740,2
871,44.205176892747396,466,3.6,1000,391.89570488463175,14,950,1742,2
872,47.94212712225511,534,3.6,1000,402.36691498859227,8,944,1744,2
873,48.15291863404568,561,3.6,1000,404.7770834667225,12,948,1746,2
874,44.522626792657135,500,3.6,1000,386.95740869594346,12,948,1748,2
875,50.01214201433644,481,3.6,1000,409.9226185950805,11,947,1750,2
876,51.27723238149925,514,3.6,1000,413.6425691609728,16,952,1752,2
877,48.25456871974241,484,3.6,1000,402.1332068616243,13,949,1754,2
878,47.176537254325076,474,3.6,1000,394.5192183885798,9,945,1756,2
879,47.92569957643269,508,3.6,1000,408.63454136752136,12,948,1758,2
880,49.975133663997575,516,3.6,1000,399.9531690425935,17,953,1760,2
881,48.26160431876872,515,3.6,1000,402.51088355851346,10,946,1762,2
882,42.56705438060363,465,3.6,1000,388.61647166942976,7,943,1764,2
883,46.97890628098709,505,3.6,1000,404.46043628046436,16,952,1766,2
884,47.38486534900168,496,3.6,1000,398.61794548194433,11,947,1768,2
885,51.329526081577065,504,3.6,1000,409.78834882026,17,953,1770,2
886,46.178211307470725,460,3.6,1000,393.5721168188947,10,946,1772,2
887,49.211413907910355,513,3.6,1000,408.88635483612893,15,951,1774,2
888,46.524146744656115,472,3.6,1000,399.5379112039115,13,949,1776,2
889,52.08383514379337,524,3.6,1000,409.57316891963274,21,957,1778,2
890,47.14804694805113,474,3.6,1000,399.34378553936546,12,948,1780,2
891,50.23452040266779,487,3.6,1000,410.5097518618129,11,947,1782,2
892,47.05109188727657,508,3.6,1000,399.5378448419133,19,955,1784,2
893,46.138969005408164,597,3.6,1000,392.09112945865036,11,947,1786,2
894,48.324228806164875,462,3.6,1000,400.10542264246584,10,946,1788,2
895,48.2667928179798,524,3.6,1000,403.9808828690898,7,943,1790,2
896,46.62440685309163,495,3.6,1000,396.3766588054872,8,944,1792,2
897,48.41074291215995,517,3.6,1000,408.3152640594956,10,946,1794,2
898,49.44582692655547,532,3.6,1000,407.5087555547251,15,951,1796,2
899,44.04485801607714,499,3.6,1000,397.214147776253,11,947,1798,2
900,46.9211905598154,476,4.0,1000,396.17399898935076,12,948,1800,2
901,49.660409410381014,410,4.0,1000,398.7917010907344,7,943,1802,2
902,50.102846740312394,473,4.0,1000,406.421635036607,11,947,1804,2
903,46.01420836865871,406,4.0,1000,393.51060509301345,6,942,1806,2
904,49.6931746623227,392,4.0,1000,408.63805836939497,8,944,1808,2
905,46.88810534653197,393,4.0,1000,392.6916616673395,6,942,1810,2
906,45.54499801177148,413,4.0,1000,402.21264132020605,1,937,1812,2
907,48.094399785867246,406,4.0,1000,406.1568301161531,8,944,1814,2
908,43.276219793224364,480,4.0,1000,394.96849731412135,4,940,1816,2
909,47.503856160160964,513,4.0,1000,398.29449271496065,8,944,1818,2
910,49.926443776068524,396,4.0,1000,402.7386173778624,8,944,1820,2
911,45.46521800669393,553,4.0,1000,389.50971345110224,6,942,1822,2
912,51.3807080490561,420,4.0,1000,413.20146873758034,6,942,1824,2
913,46.77233091870314,476,4.0,1000,399.37055279619176,7,943,1826,2
914,51.6749407650187,460,4.0,1000,405.0357025321438,9,945,1828,2
915,49.87579699789728,455,4.0,1000,407.15612265871243,5,941,1830,2
916,48.69167520827129,407,4.0,1000,406.5465124715425,5,941,1832,2
917,49.11530372101936,411,4.0,1000,404.19089567221914,7,943,1834,2
918,46.55048428802208,365,4.0,1000,394.0111392740847,4,940,1836,2
919,49.299294255159474,454,4.0,1000,411.4570437148557,9,945,1838,2
920,43.947341152858236,373,4.0,1000,386.17210029213834,5,941,1840,2
921,50.90546484140495,438,4.0,1000,405.23847059928767,10,946,1842,2
922,46.325745073170076,387,4.0,1000,393.8698061286281,7,943,1844,2
923,47.803719209317876,495,4.0,1001,393.79957697396844,4,941,1846,2
924,50.17882017090991,421,4.0,1000,405.1663739217531,9,945,1848,2
925,46.52208119751568,453,4.0,1000,397.05604825605053,7,943,1850,2
926,46.230579898241366,418,4.0,1000,399.5911190273124,5,941,1852,2
927,48.706906335680394,411,4.0,1000,395.736414604692,5,941,1854,2
928,47.40385941074918,382,4.0,1000,398.66672847287265,5,941,1856,2
929,45.482300853505215,457,4.0,1000,395.7288711187752,6,942,1858,2
930,45.298865590643246,490,4.0,1000,396.21434910028614,5,941,1860,2
931,46.40210143654094,434,4.0,1000,401.75578482309567,5,941,1862,2
932,52.30794251395526,446,4.0,1000,410.6623036764498,6,942,1864,2
933,46.94645296855167,398,4.0,1000,402.1277390212093,5,941,1866,2
934,48.434377158134794,440,4.0,1000,408.0205129859102,10,946,1868,2
935,49.29086338785605,403,4.0,1000,403.16058709615265,8,944,1870,2
936,47.43464460545803,481,4.0,1000,399.32019269978656,6,942,1872,2
937,47.091969760717326,406,4.0,1000,394.55483940990763,7,943,1874,2
938,46.874045634059485,393,4.0,1000,399.4254173769273,6,942,1876,2
939,49.71340767170391,399,4.0,1000,411.13845092544756,8,944,1878,2
940,48.38477274025646,397,4.0,1000,398.2290297961525,7,943,1880,2
941,47.8346279593691,418,4.0,1000,401.23089332223543,4,940,1882,2
942,46.75559020689785,430,4.0,1000,396.6439602250262,4,940,1884,2
943,46.73733692982875,436,4.0,1000,398.50957336677396,12,948,1886,2
944,47.66284311652379,424,4.0,1000,396.09629586460414,4,940,1888,2
945,49.307395993937114,425,4.0,1000,400.31482544968503,13,949,1890,2
946,50.67027738847128,465,4.0,1000,407.9791057986147,6,942,1892,2
947,48.8115075615099,435,4.0,1000,405.48512898658254,6,942,1894,2
948,49.33088780216389,410,4.0,1000,409.720186105747,3,939,1896,2
949,50.26947752515145,429,4.0,1000,402.52999613405336,6,942,1898,2
950,48.606115523913864,416,4.0,1000,396.67659887501566,3,939,1900,2
951,46.46436369111435,397,4.0,1000,396.18035007939744,6,942,1902,2
952,47.79881552336019,406,4.0,1000,397.5334493951324,6,942,1904,2
953,52.95476991966479,390,4.0,1000,411.9532930785316,6,942,1906,2
954,48.91832048937659,412,4.0,1000,403.9926633825005,7,943,1908,2
955,47.75103950113552,500,4.0,1000,406.2992368515908,7,943,1910,2
956,51.12163545169381,519,4.0,1000,403.37418773733754,14,950,1912,2
957,49.27107599308842,401,4.0,1000,401.06623905921793,8,944,1914,2
958,46.40318244940194,391,4.0,1000,398.5255688805631,8,944,1916,2
959,46.300952969289526,403,4.0,1000,395.9452838870775,7,943,1918,2
960,48.888697974869395,465,4.0,1000,399.8699964572802,5,941,1920,2
961,51.752054754175155,473,4.0,1000,408.3504237057751,6,942,1922,2
962,44.349322843037335,434,4.0,1000,392.41796338225777,5,941,1924,2
963,46.37136484151667,401,4.0,1000,394.7904658090563,8,944,1926,2
964,48.33598757357609,409,4.0,1000,407.59758402745365,6,942,1928,2
965,50.38820740552629,416,4.0,1000,402.5840837191147,7,943,1930,2
966,48.14938123439744,460,4.0,1000,401.2513748307978,12,948,1932,2
967,46.407579630411284,380,4.0,1001,393.60381497137166,3,940,1934,2
968,51.2176456605878,419,4.0,1000,408.58234822550065,3,939,1936,2
969,53.48175974095196,397,4.0,1000,414.5625748237284,8,944,1938,2
970,46.11362429838277,399,4.0,1000,391.80567997159824,4,940,1940,2
971,44.57598583429295,386,4.0,1000,394.0852606393598,3,939,1942,2
972,44.9987336766115,454,4.0,1000,392.9562095149341,5,941,1944,2
973,49.548941733733585,476,4.0,1000,412.12194608752395,5,941,1946,2
974,48.24991934330351,420,4.0,1000,396.7418888550525,9,945,1948,2
975,48.83162836727371,420,4.0,1000,403.38938621781205,8,944,1950,2
976,43.528022807948176,377,4.0,1000,393.10613085844454,2,938,1952,2
977,49.37971962330893,390,4.0,1000,406.57615463977527,6,942,1954,2
978,42.850647492704624,406,4.0,1000,389.1927210773856,7,943,1956,2
979,44.90704326615047,393,4.0,1000,397.8202260366549,7,943,1958,2
980,48.4714848970943,494,4.0,1000,408.2520413012197,6,942,1960,2
981,49.113666473382324,408,4.0,1000,408.17352718105684,9,945,1962,2
982,50.22642326239133,415,4.0,1000,407.0600708325105,8,944,1964,2
983,47.59706720997598,434,4.0,1000,402.36345146992784,5,941,1966,2
984,53.408185067695676,394,4.0,1000,412.58705675083377,5,941,1968,2
985,43.35806249867143,389,4.0,1000,386.92479579807497,3,939,1970,2
986,45.75271391409425,382,4.0,1000,388.8849005053742,5,941,1972,2
987,46.31906993075167,456,4.0,1000,391.93539040207384,1,937,1974,2
988,47.16582969914633,441,4.0,1000,395.9417272922253,6,942,1976,2
989,47.19235577327819,488,4.0,1000,409.0368780699176,8,944,1978,2
990,49.85140555853546,375,4.0,1000,403.26866991810647,9,945,1980,2
991,51.49057688368007,471,4.0,1000,403.04907768223694,9,945,1982,2
992,51.17663319503622,417,4.0,1000,401.22545302067675,3,939,1984,2
993,46.17166110116306,394,4.0,1000,395.18287257252155,6,942,1986,2
994,44.03133286140719,388,4.0,1000,396.7867552320835,3,939,1988,2
995,47.2368848431968,515,4.0,1000,399.2469879326193,5,941,1990,2
996,53.118332095525304,417,4.0,1000,406.59704230324303,10,946,1992,2
997,50.311180971114474,522,4.0,1000,407.0586283927306,6,942,1994,2
998,46.04653918033381,402,4.0,1000,392.73477597250303,4,940,1996,2
999,49.41088055464949,506,4.0,1000,410.2723162714462,14,950,1998,2
